{"cameraMode":{"drawMode":0,"name":"Shaded","section":"Shading Mode"},"sceneLighting":true,"audioPlay":false,"sceneViewState":{"showFog":true,"showMaterialUpdate":false,"showSkybox":true,"showFlares":true,"showImageEffects":true,"showParticleSystems":true},"in2DMode":false,"pivot":{"x":251.3758087158203,"y":219.59976196289063,"z":-42.35530471801758},"rotation":{"x":-0.019497696310281755,"y":0.010497814044356346,"z":0.00020473377662710845,"w":0.999754786491394},"size":618.5510864257813,"orthographic":true}